<?xml version="1.0" encoding="UTF-8"?>
<modification>
	<name>Live-Chat by TobiknetSoftware</name>
	<code>live-chat</code>
	<version>1.1</version>
	<author>Oleh Vasylyev</author>
	<link>http://tobiknet.com/index.php?route=information/contact</link>
		
	<file path="admin/controller/setting/setting.php">
		<operation info="save online_chat to DB">
			<search><![CDATA[
				$data['tab_server'] = $this->language->get('tab_server');
			]]></search>
			<add position="after"><![CDATA[

				// Online-Chat code
						
				if (isset($this->request->post['config_online_chat'])) {
					$data['config_online_chat'] = $this->request->post['config_online_chat'];
				} else {
					$data['config_online_chat'] = $this->config->get('config_online_chat');			
				}
				
			]]></add>
		</operation>
	</file>
	
	<file path="admin/view/template/setting/setting.tpl">
		<operation info="ADD oonline-chat into Server TAB IN SETTINGS">
			<search><![CDATA[
				<label class="col-sm-2 control-label" for="input-robots"><span data-toggle="tooltip" title="<?php echo $help_robots; ?>"><?php echo $entry_robots; ?></span></label>
			]]></search>
			<add position="before"><![CDATA[
                <label class="col-sm-2 control-label" for="online-chat"><span data-toggle="tooltip" title="Copy the code of Your Live Chat and insert it to the input area (Floating Button or On-Site Chat Overlay)">Live Chat</span></label>
                <div class="col-sm-10">
                  <textarea name="config_online_chat" rows="5" placeholder="Insert here code of your Live Chat" id="online-chat" class="form-control"><?php echo $config_online_chat; ?></textarea>
                </div>
              </div>
			  <div class="form-group">
			]]></add>
		</operation>
	</file>
	
	<file path="catalog/controller/common/footer.php">
		<operation>
			<search><![CDATA[
				$data['text_newsletter'] = $this->language->get('text_newsletter');
			]]></search>
			<add position="after"><![CDATA[
				
				if ($this->config->get('config_online_chat')) {
					$data['online_chat'] = html_entity_decode($this->config->get('config_online_chat'), ENT_QUOTES, 'UTF-8');
				} else {
					$data['online_chat'] = '';
				}
	
			]]></add>
		</operation>
	</file>
	
	<file path="catalog/view/theme/*/template/common/footer.tpl">
		<operation info="echo online-chat in footer before closing body">
			<search><![CDATA[
				</body>
			]]></search>
			<add position="before"><![CDATA[
					<?php 	
						if (!empty($online_chat)){ 
								echo $online_chat; 
						} else {} 
					?>
			]]></add>
		</operation>
	</file>

</modification>