[  
   {  
      "user":{  
         "gender":"female",
         "name":{  
            "title":"mrs",
            "first":"sharlene",
            "last":"carlson"
         },
         "location":{  
            "street":"8965 woodlane dr",
            "city":"rapid city",
            "state":"louisiana",
            "zip":"77868"
         },
         "email":"sharlene.carlson58@example.com",
         "username":"smallwolf792",
         "password":"poseidon",
         "salt":"yqbxpeZa",
         "md5":"e5cfaa548add4ead01100708dff90750",
         "sha1":"e4774af70b3932d97495ff2bc146bad67c825600",
         "sha256":"e113c99290ba73614b6d99802ac9200b39c504b105a16270e8e064bb6e58e522",
         "registered":"1419612464",
         "dob":"114584441",
         "phone":"(177)-241-9768",
         "cell":"(291)-999-1143",
         "SSN":"619-93-3088",
         "picture":"http://api.randomuser.me/portraits/women/93.jpg"
      },
      "seed":"bfc7bb8c4f2b183",
      "version":"0.4"
   },
   {  
      "user":{  
         "gender":"male",
         "name":{  
            "title":"mr",
            "first":"victor",
            "last":"smith"
         },
         "location":{  
            "street":"5346 hebron pkwy",
            "city":"waxahachie",
            "state":"kansas",
            "zip":"90389"
         },
         "email":"victor.smith11@example.com",
         "username":"smallgorilla492",
         "password":"empire",
         "salt":"I4WLU85C",
         "md5":"299d56f24526d3c5bfbbd275542b86ee",
         "sha1":"c34662e6a60fbe6d10b33846d6333283c28640a7",
         "sha256":"6df9be50e795488d4227b11b1d9e7ab5c584415d651be602ceff453b804956a2",
         "registered":"1451389255",
         "dob":"185460009",
         "phone":"(263)-591-4555",
         "cell":"(111)-883-4005",
         "SSN":"317-59-5059",
         "picture":"http://api.randomuser.me/portraits/men/11.jpg"
      },
      "seed":"e3312853a3b7862",
      "version":"0.4"
   },
   {  
      "user":{  
         "gender":"male",
         "name":{  
            "title":"mr",
            "first":"curtis",
            "last":"castro"
         },
         "location":{  
            "street":"3148 fifth st",
            "city":"stanley",
            "state":"maryland",
            "zip":"95243"
         },
         "email":"curtis.castro55@example.com",
         "username":"lazyswan196",
         "password":"teng",
         "salt":"6gPbwFLb",
         "md5":"ed7f64273dfa8cdc8f96816f9c0417e6",
         "sha1":"ee7fc7630671a37aab66dd6a21433522bb161dd3",
         "sha256":"b4e267f14634c3c4d5b3568f43012d3c0903708d45caad70cb0300d31b3cb654",
         "registered":"1376751454",
         "dob":"32750303",
         "phone":"(854)-853-9227",
         "cell":"(402)-732-6225",
         "SSN":"984-31-6149",
         "picture":"http://api.randomuser.me/portraits/men/13.jpg"
      },
      "seed":"4dc95648a26a5cb",
      "version":"0.4"
   },
   {  
      "user":{  
         "gender":"female",
         "name":{  
            "title":"miss",
            "first":"jane",
            "last":"lawrence"
         },
         "location":{  
            "street":"7511 crosstimber ct",
            "city":"indianapolis",
            "state":"idaho",
            "zip":"78652"
         },
         "email":"jane.lawrence56@example.com",
         "username":"orangeostrich993",
         "password":"catwoman",
         "salt":"Iz65WwEy",
         "md5":"d641715b3f115260e2b1890ed4f27e4e",
         "sha1":"909ad3557b7ea08509b5461dddfe35ab261c2cd3",
         "sha256":"6ff5597376f0a9a50eab84fd9efec88ed003d499e0b14b3f731fbfbd543454ab",
         "registered":"1376222606",
         "dob":"279046976",
         "phone":"(646)-557-7068",
         "cell":"(267)-295-2536",
         "SSN":"815-73-1648",
         "picture":"http://api.randomuser.me/portraits/women/6.jpg"
      },
      "seed":"7770fab03c973d5",
      "version":"0.4"
   }
]